LS,HS,Year,Round,High Seed,Low Seed,Spread,FavScore,DawgScore,Site,Distance from LS,Distance from HS,,,,,,,,,,,,,,,,,
8,9,2026,R64,Ohio State,TCU,-2.5,64,66,Greenville,358,872,,,,,,,,,,,,,,,,,
1,16,2026,R64,Duke,Siena,-28.5,71,65,Greenville,210,714,,,,,,,,,,,,,,,,,
6,11,2026,R64,Louisville,South Florida,-4.5,83,79,Buffalo,482,1043,,,,,,,,,,,,,,,,,
3,14,2026,R64,Michigan State,North Dakota State,-15.5,92,67,Buffalo,284,918,,,,,,,,,,,,,,,,,
5,12,2026,R64,St. John's,Northern Iowa,-9.5,79,53,San Diego,2439,1504,,,,,,,,,,,,,,,,,
4,13,2026,R64,Kansas,Cal Baptist,-14.5,68,60,San Diego,1298,84,,,,,,,,,,,,,,,,,
7,10,2026,R64,UCLA,UCF,-5.5,75,71,Philadelphia,2398,853,,,,,,,,,,,,,,,,,
2,15,2026,R64,UConn,Furman,-20.5,82,71,Philadelphia,201,526,,,,,,,,,,,,,,,,,
5,12,2026,R64,Wisconsin,High Point,-10.5,82,83,Portland,1642,2300,,,,,,,,,,,,,,,,,
4,13,2026,R64,Arkansas,Hawaii,-15.5,97,78,Portland,1616,2594,,,,,,,,,,,,,,,,,
6,11,2026,R64,BYU,Texas,-2.5,71,79,Portland,665,1707,,,,,,,,,,,,,,,,,
3,14,2026,R64,Gonzaga,Kennesaw State,-21.5,73,64,Portland,290,2149,,,,,,,,,,,,,,,,,
1,16,2026,R64,Arizona,LIU,-30.5,92,58,San Diego,364,2430,,,,,,,,,,,,,,,,,
8,9,2026,R64,Villanova,Utah State,1.5,76,86,San Diego,2358,689,,,,,,,,,,,,,,,,,
2,15,2026,R64,Purdue,Queens U,-25.5,104,71,St. Louis,215,570,,,,,,,,,,,,,,,,,
7,10,2026,R64,Miami FL,Missouri,-1.5,80,66,St. Louis,1057,117,,,,,,,,,,,,,,,,,
1,16,2026,R64,Michigan,Howard,-30.5,101,80,Buffalo,251,291,,,,,,,,,,,,,,,,,
8,9,2026,R64,Georgia,Saint Louis,-2.5,77,102,Buffalo,664,662,,,,,,,,,,,,,,,,,
7,10,2026,R64,Kentucky,Santa Clara,-3.5,89,84,St. Louis,311,1722,,,,,,,,,,,,,,,,,
2,15,2026,R64,Iowa State,Tennessee State,-24.5,108,74,St. Louis,297,253,,,,,,,,,,,,,,,,,
5,12,2026,R64,Texas Tech,Akron,-7.5,91,71,Tampa,1215,909,,,,,,,,,,,,,,,,,
4,13,2026,R64,Alabama,Hofstra,-11.5,90,70,Tampa,474,1016,,,,,,,,,,,,,,,,,
3,14,2026,R64,Virginia,Wright State,-17.5,82,73,Philadelphia,221,472,,,,,,,,,,,,,,,,,
6,11,2026,R64,Tennessee,Miami OH,-12.5,78,56,Philadelphia,549,509,,,,,,,,,,,,,,,,,
4,13,2026,R64,Nebraska,Troy,-13.5,76,47,Oklahoma City,373,710,,,,,,,,,,,,,,,,,
5,12,2026,R64,Vanderbilt,McNeese,-12.5,78,68,Oklahoma City,602,440,,,,,,,,,,,,,,,,,
7,10,2026,R64,Saint Mary's,Texas A&M,-2.5,50,63,Oklahoma City,1369,342,,,,,,,,,,,,,,,,,
2,15,2026,R64,Houston,Idaho,-23.5,78,47,Oklahoma City,416,1273,,,,,,,,,,,,,,,,,
6,11,2026,R64,UNC,VCU,-2.5,78,82,Greenville,202,332,,,,,,,,,,,,,,,,,
3,14,2026,R64,Illinois,Penn,-25.5,105,70,Greenville,483,529,,,,,,,,,,,,,,,,,
8,9,2026,R64,Clemson,Iowa,2.5,61,67,Tampa,466,1017,,,,,,,,,,,,,,,,,
1,16,2026,R64,Florida,Prairie View,-35.5,114,55,Tampa,118,830,,,,,,,,,,,,,,,,,
4,13,2025,R64,Purdue,High Point,-8,75,63,Providence,811,614,,,,,,,,,,,,,,,,,
1,16,2025,R64,Houston,SIUE,-28.5,78,40,Wichita,562,407,,,,,,,,,,,,,,,,,
3,14,2025,R64,Wisconsin,Montana,-16.5,85,66,Denver,839,668,,,,,,,,,,,,,,,,,
1,16,2025,R64,Auburn,Alabama State,-31.5,83,63,Lexington,379,405,,,,,,,,,,,,,,,,,
5,12,2025,R64,Clemson,McNeese,-7,67,69,Providence,791,1452,,,,,,,,,,,,,,,,,
6,11,2025,R64,BYU,VCU,-2.5,80,71,Denver,354,1488,,,,,,,,,,,,,,,,,
8,9,2025,R64,Gonzaga,Georgia,-7,89,68,Wichita,1225,822,,,,,,,,,,,,,,,,,
2,15,2025,R64,Tennessee,Wofford,-18.5,77,62,Lexington,148,257,,,,,,,,,,,,,,,,,
7,10,2025,R64,Kansas,Arkansas,-4.5,72,79,Providence,1265,1282,,,,,,,,,,,,,,,,,
4,13,2025,R64,Texas A&M,Yale,-7,80,71,Denver,797,1678,,,,,,,,,,,,,,,,,
6,11,2025,R64,Drake,Missouri,6,67,57,Wichita,334,285,,,,,,,,,,,,,,,,,
7,10,2025,R64,UCLA,Utah State,-5.5,72,47,Lexington,1905,1464,,,,,,,,,,,,,,,,,
2,15,2025,R64,St John's,Omaha,-19,83,53,Providence,145,1265,,,,,,,,,,,,,,,,,
5,12,2025,R64,Michigan,UCSD,-2,68,65,Denver,1119,829,,,,,,,,,,,,,,,,,
3,14,2025,R64,Texas Tech,UNC-Wilm,-15,82,72,Wichita,381,1108,,,,,,,,,,,,,,,,,
7,10,2025,R64,Saint Mary's,Vanderbilt,-4.5,59,56,Cleveland,2145,461,,,,,,,,,,,,,,,,,
8,9,2025,R64,Miss St,Baylor,-1.5,72,75,Raleigh,599,1100,,,,,,,,,,,,,,,,,
2,15,2025,R64,Alabama,Robert Morris,-21.5,90,81,Cleveland,657,102,,,,,,,,,,,,,,,,,
3,14,2025,R64,Iowa St,Lipscomb,-14,82,55,Milwaukee,300,481,,,,,,,,,,,,,,,,,
5,12,2025,R64,Memphis,Colorado St,-1.5,70,78,Seattle,1863,981,,,,,,,,,,,,,,,,,
1,16,2025,R64,Duke,Mt St Mary's,-32,93,49,Raleigh,23,277,,,,,,,,,,,,,,,,,
6,11,2025,R64,Ole Miss,UNC,-1.5,71,64,Milwaukee,606,682,,,,,,,,,,,,,,,,,
4,13,2025,R64,Maryland,Grand Canyon,-9.5,81,49,Seattle,2323,1110,,,,,,,,,,,,,,,,,
1,16,2025,R64,Florida,Norfolk State,-28.5,95,69,Raleigh,476,150,,,,,,,,,,,,,,,,,
3,14,2025,R64,Kentucky,Troy,-11,76,57,Milwaukee,389,784,,,,,,,,,,,,,,,,,
7,10,2025,R64,Marquette,New Mexico,-4.5,66,75,Cleveland,336,1418,,,,,,,,,,,,,,,,,
4,13,2025,R64,Arizona,Akron,-14,93,65,Seattle,1219,2042,,,,,,,,,,,,,,,,,
8,9,2025,R64,UConn,Oklahoma,-6,67,59,Raleigh,540,1057,,,,,,,,,,,,,,,,,
6,11,2025,R64,Illinois,Xavier,-4,86,73,Milwaukee,204,323,,,,,,,,,,,,,,,,,
2,15,2025,R64,Michigan St,Bryant,-17,87,62,Cleveland,165,529,,,,,,,,,,,,,,,,,
5,12,2025,R64,Oregon,Liberty,-7,81,52,Seattle,249,2277,,,,,,,,,,,,,,,,,
8,9,2025,R64,Louisville,Creighton,-2.5,75,89,Lexington,70,647,,,,,,,,,,,,,,,,,
8,9,2024,R64,Mississippi State,Michigan State,1.5,51,69,Charlotte,470,552,,,,,,,,,,,,,,,,,
6,11,2024,R64,BYU,Duquesne,-9,67,71,Omaha,824,834,,,,,,,,,,,,,,,,,
3,14,2024,R64,Creighton,Akron,-12,77,60,Denver,487,1235,,,,,,,,,,,,,,,,,
2,15,2024,R64,Arizona,Long Beach State,-20.5,85,65,Salt Lake City,592,591,,,,,,,,,,,,,,,,,
1,16,2024,R64,North Carolina,Wagner,-25.5,90,62,Charlotte,111,523,,,,,,,,,,,,,,,,,
3,14,2024,R64,Illinois,Morehead State,-11,85,69,Omaha,412,697,,,,,,,,,,,,,,,,,
6,11,2024,R64,South Carolina,Oregon,-2.5,73,87,Pittsburgh,449,2192,,,,,,,,,,,,,,,,,
7,10,2024,R64,Dayton,Nevada,1.5,63,60,Salt Lake City,1456,427,,,,,,,,,,,,,,,,,
7,10,2024,R64,Texas,Colorado State,-3,56,44,Des Moines,814,601,,,,,,,,,,,,,,,,,
3,14,2024,R64,Kentucky,Oakland,-13,76,80,Pittsburgh,293,227,,,,,,,,,,,,,,,,,
2,15,2024,R64,Iowa State,South Dakota State,-15.5,82,65,Omaha,130,216,,,,,,,,,,,,,,,,,
5,12,2024,R64,Gonzaga,McNeese,-6.5,86,65,Salt Lake City,549,1274,,,,,,,,,,,,,,,,,
2,15,2024,R64,Tennessee,Saint Peter's,-22,83,49,Charlotte,181,531,,,,,,,,,,,,,,,,,
6,11,2024,R64,Texas Tech,NC State,-5,67,80,Pittsburgh,1292,330,,,,,,,,,,,,,,,,,
7,10,2024,R64,Washington State,Drake,1,66,61,Omaha,1118,120,,,,,,,,,,,,,,,,,
4,13,2024,R64,Kansas,Samford,-7.5,93,89,Salt Lake City,891,1468,,,,,,,,,,,,,,,,,
8,9,2024,R64,Florida Atlantic,Northwestern,-4.5,65,77,Brooklyn,1050,718,,,,,,,,,,,,,,,,,
3,14,2024,R64,Baylor,Colgate,-14.5,92,67,Memphis,477,941,,,,,,,,,,,,,,,,,
5,12,2024,R64,San Diego State,UAB,-6.5,69,65,Spokane,1029,1863,,,,,,,,,,,,,,,,,
2,15,2024,R64,Marquette,Western Kentucky,-15,87,69,Indianapolis,244,194,,,,,,,,,,,,,,,,,
6,11,2024,R64,Clemson,New Mexico,2,77,56,Memphis,410,937,,,,,,,,,,,,,,,,,
1,16,2024,R64,UConn,Stetson,-27.5,91,52,Brooklyn,117,905,,,,,,,,,,,,,,,,,
4,13,2024,R64,Auburn,Yale,-14,76,78,Spokane,1961,2205,,,,,,,,,,,,,,,,,
7,10,2024,R64,Florida,Colorado,1.5,100,102,Indianapolis,732,1011,,,,,,,,,,,,,,,,,
8,9,2024,R64,Nebraska,Texas A&M,1,83,98,Memphis,533,481,,,,,,,,,,,,,,,,,
4,13,2024,R64,Duke,Vermont,-12.5,64,47,Brooklyn,421,265,,,,,,,,,,,,,,,,,
1,16,2024,R64,Purdue,Grambling,-27,78,50,Indianapolis,60,620,,,,,,,,,,,,,,,,,
4,13,2024,R64,Alabama,Charleston,-8,109,96,Spokane,1843,2200,,,,,,,,,,,,,,,,,
1,16,2024,R64,Houston,Longwood,-24,86,46,Memphis,486,666,,,,,,,,,,,,,,,,,
5,12,2024,R64,Wisconsin,James Madison,5,61,72,Brooklyn,811,305,,,,,,,,,,,,,,,,,
8,9,2024,R64,Utah State,TCU,3.5,88,72,Indianapolis,1345,791,,,,,,,,,,,,,,,,,
5,12,2024,R64,Saint Mary's,Grand Canyon,-5.5,66,75,Spokane,719,1016,,,,,,,,,,,,,,,,,
5,12,2024,R64,Saint Mary's,Grand Canyon,-5.5,66,75,Spokane,719,1016,,,,,,,,,,,,,,,,,
8,9,2023,R64,Maryland,West Virginia,2.5,67,65,Orlando,765,771,,,,,,,,,,,,,,,,,
4,13,2023,R64,Virginia,Furman,-5,67,68,Louisville,394,294,,,,,,,,,,,,,,,,,
7,10,2023,R64,Missouri,Utah State,1.5,76,65,Sacramento,1565,556,,,,,,,,,,,,,,,,,
1,16,2023,R64,Kansas,Howard,-21.5,96,68,Des Moines,200,893,,,,,,,,,,,,,,,,,
1,16,2023,R64,Alabama,Texas A&M CC,-24,96,75,Birmingham,46,739,,,,,,,,,,,,,,,,,
5,12,2023,R64,San Diego State,Charleston,-5.5,63,57,Orlando,2131,305,,,,,,,,,,,,,,,,,
2,15,2023,R64,Arizona,Princeton,-15,55,59,Sacramento,738,2472,,,,,,,,,,,,,,,,,
8,9,2023,R64,Arkansas,Illinois,-2.5,73,63,Columbus,664,277,,,,,,,,,,,,,,,,,
8,9,2023,R64,Iowa,Auburn,2,75,83,Birmingham,626,95,,,,,,,,,,,,,,,,,
5,12,2023,R64,Duke,Oral Roberts,-5.5,74,51,Columbus,352,751,,,,,,,,,,,,,,,,,
2,15,2023,R64,Texas,Colgate,-12.5,81,61,Des Moines,814,928,,,,,,,,,,,,,,,,,
4,13,2023,R64,Tennessee,Louisiana,-11.5,58,55,Columbus,281,843,,,,,,,,,,,,,,,,,
1,16,2023,R64,Houston,N Kentucky,-19.5,63,52,Birmingham,563,410,,,,,,,,,,,,,,,,,
2,15,2023,R64,UCLA,UNC Asheville,-17.5,86,53,Sacramento,355,2139,,,,,,,,,,,,,,,,,
7,10,2023,R64,Texas A&M,Penn State,-2.5,59,76,Des Moines,773,820,,,,,,,,,,,,,,,,,
7,10,2023,R64,Michigan State,USC,-2.5,72,62,Columbus,204,1977,,,,,,,,,,,,,,,,,
3,14,2023,R64,Xavier,Kennesaw State,-12,72,67,Greensboro,333,306,,,,,,,,,,,,,,,,,
3,14,2023,R64,Baylor,UCSB,-10.5,74,56,Denver,718,896,,,,,,,,,,,,,,,,,
5,12,2023,R64,Saint Mary's,VCU,-4,63,51,Albany,2537,403,,,,,,,,,,,,,,,,,
2,15,2023,R64,Marquette,Vermont,-10,78,61,Columbus,332,589,,,,,,,,,,,,,,,,,
6,11,2023,R64,Iowa State,Pitt,-4,41,59,Greensboro,848,302,,,,,,,,,,,,,,,,,
6,11,2023,R64,Creighton,NC State,-5.5,72,63,Denver,487,1458,,,,,,,,,,,,,,,,,
4,13,2023,R64,UConn,Iona,-9,87,63,Albany,96,111,,,,,,,,,,,,,,,,,
1,16,2023,R64,Purdue,FDU,-23.5,58,63,Columbus,209,471,,,,,,,,,,,,,,,,,
6,11,2023,R64,Kentucky,Providence,-4,61,53,Greensboro,293,600,,,,,,,,,,,,,,,,,
3,14,2023,R64,Gonzaga,Grand Canyon,-15.5,82,70,Denver,825,583,,,,,,,,,,,,,,,,,
5,12,2023,R64,Miami FL,Drake,2.5,63,56,Albany,1226,1020,,,,,,,,,,,,,,,,,
8,9,2023,R64,Memphis,FAU,-1.5,65,66,Columbus,509,954,,,,,,,,,,,,,,,,,
3,14,2023,R64,Kansas State,Montana State,-7,77,65,Greensboro,942,1749,,,,,,,,,,,,,,,,,
6,11,2023,R64,TCU,Arizona State,-4.5,72,70,Denver,645,582,,,,,,,,,,,,,,,,,
4,13,2023,R64,Indiana,Kent State,-4,71,60,Albany,708,403,,,,,,,,,,,,,,,,,
6,11,2022,R64,Colorado State,Michigan,1.5,63,75,Indianapolis,999,214,,,,,,,,,,,,,,,,,
4,13,2022,R64,Providence,South Dakota State,-3,66,57,Buffalo,388,900,,,,,,,,,,,,,,,,,
8,9,2022,R64,Boise State,Memphis,3.5,53,64,Portland,345,1846,,,,,,,,,,,,,,,,,
1,16,2022,R64,Baylor,Norfolk State,-20.5,85,49,Fort Worth,82,1212,,,,,,,,,,,,,,,,,
3,14,2022,R64,Tennessee,Longwood,-18,88,56,Indianapolis,290,453,,,,,,,,,,,,,,,,,
5,12,2022,R64,Iowa,Richmond,-9.5,63,67,Buffalo,652,374,,,,,,,,,,,,,,,,,
1,16,2022,R64,Gonzaga,Georgia State,-22.5,93,72,Portland,290,2168,,,,,,,,,,,,,,,,,
8,9,2022,R64,North Carolina,Marquette,-4,95,63,Fort Worth,1052,869,,,,,,,,,,,,,,,,,
5,12,2022,R64,UConn,New Mexico State,-6,63,70,Buffalo,346,1682,,,,,,,,,,,,,,,,,
2,15,2022,R64,Kentucky,Saint Peter's,-18,79,85,Indianapolis,149,642,,,,,,,,,,,,,,,,,
8,9,2022,R64,San Diego State,Creighton,-2.5,69,72,San Diego,7,1307,,,,,,,,,,,,,,,,,
5,12,2022,R64,Saint Mary's,Indiana,-2.5,82,53,Portland,532,1880,,,,,,,,,,,,,,,,,
4,13,2022,R64,Arkansas,Vermont,-4.5,75,71,Buffalo,940,304,,,,,,,,,,,,,,,,,
4,13,2022,R64,UCLA,Akron,-13.5,57,53,Portland,823,2069,,,,,,,,,,,,,,,,,
7,10,2022,R64,Murray State,San Francisco,-1.5,92,87,San Diego,1655,458,,,,,,,,,,,,,,,,,
1,16,2022,R64,Kansas,Texas Southern,-21.5,83,56,Fort Worth,443,233,,,,,,,,,,,,,,,,,
7,10,2022,R64,Ohio State,Loyola Chicago,-1,54,41,Pittsburgh,162,412,,,,,,,,,,,,,,,,,
2,15,2022,R64,Auburn,Jacksonville State,-14,80,61,Greenville,236,205,,,,,,,,,,,,,,,,,
3,14,2022,R64,Texas Tech,Montana State,-14.5,97,62,Milwaukee,998,1154,,,,,,,,,,,,,,,,,
3,14,2022,R64,Purdue,Yale,-16.5,78,56,Milwaukee,188,775,,,,,,,,,,,,,,,,,
2,15,2022,R64,Villanova,Delaware,-15,80,60,Buffalo,269,275,,,,,,,,,,,,,,,,,
7,10,2022,R64,USC,Miami FL,-2,66,68,Greenville,2035,640,,,,,,,,,,,,,,,,,
6,11,2022,R64,Alabama,Notre Dame,-4,64,78,San Diego,1710,1800,,,,,,,,,,,,,,,,,
6,11,2022,R64,Texas,Virginia Tech,-1.5,81,73,Milwaukee,1034,563,,,,,,,,,,,,,,,,,
4,13,2022,R64,Illinois,Chattanooga,-7.5,54,53,Pittsburgh,434,472,,,,,,,,,,,,,,,,,
2,15,2022,R64,Duke,CSU Fullerton,-20,78,61,Greenville,210,2015,,,,,,,,,,,,,,,,,
1,16,2022,R64,Arizona,Wright State,-21.5,87,70,San Diego,364,1896,,,,,,,,,,,,,,,,,
6,11,2022,R64,LSU,Iowa State,-3,54,59,Milwaukee,891,300,,,,,,,,,,,,,,,,,
7,10,2022,R64,Michigan State,Davidson,-1.5,74,73,Greenville,554,98,,,,,,,,,,,,,,,,,
5,12,2022,R64,Houston,UAB,-8.5,82,68,Pittsburgh,1138,609,,,,,,,,,,,,,,,,,
8,9,2022,R64,Seton Hall,TCU,-1.5,42,69,Pittsburgh,302,1099,,,,,,,,,,,,,,,,,
3,14,2022,R64,Wisconsin,Colgate,-7.5,67,60,Milwaukee,76,626,,,,,,,,,,,,,,,,,
1,16,2019,R64,Duke,NDSU,-27,85,62,Columbia SC,182,1213,,,,,,,,,,,,,,,,,
8,9,2019,R64,VCU,UCF,-1.5,58,73,Columbia SC,317,373,,,,,,,,,,,,,,,,,
5,12,2019,R64,Mississippi State,Liberty,-7.5,76,80,San Jose CA,1874,2325,,,,,,,,,,,,,,,,,
4,13,2019,R64,Virginia Tech,Saint Louis,-10,66,52,San Jose CA,2261,1717,,,,,,,,,,,,,,,,,
6,11,2019,R64,Maryland,Belmont,-3.5,79,77,Jacksonville FL,655,499,,,,,,,,,,,,,,,,,
3,14,2019,R64,LSU,Yale,-8,79,74,Jacksonville FL,568,902,,,,,,,,,,,,,,,,,
7,10,2019,R64,Louisville,Minnesota,-4.5,76,86,Des Moines IA,476,235,,,,,,,,,,,,,,,,,
2,15,2019,R64,Michigan State,Bradley,-19.5,76,65,Des Moines IA,474,217,,,,,,,,,,,,,,,,,
1,16,2019,R64,UNC,Iona,-25,88,73,Columbus OH,353,483,,,,,,,,,,,,,,,,,
8,9,2019,R64,Utah State,Washington,-3.5,61,78,Columbus OH,1504,2007,,,,,,,,,,,,,,,,,
5,12,2019,R64,Auburn,New Mexico State,-7.5,78,77,Salt Lake City,1561,651,,,,,,,,,,,,,,,,,
4,13,2019,R64,Kansas,Northeastern,-8.5,87,53,Salt Lake City,891,2092,,,,,,,,,,,,,,,,,
6,11,2019,R64,Iowa State,Ohio State,-6,59,62,Tulsa OK,425,753,,,,,,,,,,,,,,,,,
3,14,2019,R64,Houston,Georgia State,-12,84,55,Tulsa OK,446,677,,,,,,,,,,,,,,,,,
7,10,2019,R64,Wofford,Seton Hall,-3,84,68,Jacksonville FL,318,831,,,,,,,,,,,,,,,,,
2,15,2019,R64,Kentucky,Abilene Christian,-22,79,44,Jacksonville FL,557,1075,,,,,,,,,,,,,,,,,
1,16,2019,R64,Virginia,Gardner-Webb,-24,71,56,Columbia SC,312,97,,,,,,,,,,,,,,,,,
8,9,2019,R64,Ole Miss,Oklahoma,-2,72,95,Columbia SC,485,936,,,,,,,,,,,,,,,,,
5,12,2019,R64,Wisconsin,Oregon,-1.5,54,72,San Jose CA,1748,468,,,,,,,,,,,,,,,,,
4,13,2019,R64,Kansas State,UC Irvine,-5.5,64,70,San Jose CA,1375,342,,,,,,,,,,,,,,,,,
6,11,2019,R64,Villanova,Saint Mary's,-5,61,57,Hartford CT,183,2602,,,,,,,,,,,,,,,,,
3,14,2019,R64,Purdue,Old Dominion,-12,61,48,Hartford CT,745,389,,,,,,,,,,,,,,,,,
7,10,2019,R64,Cincinnati,Iowa,-4,72,79,Columbus OH,99,461,,,,,,,,,,,,,,,,,
2,15,2019,R64,Tennessee,Colgate,-17.5,77,70,Columbus OH,281,434,,,,,,,,,,,,,,,,,
1,16,2019,R64,Gonzaga,FDU,-26.5,87,49,Salt Lake City,549,1960,,,,,,,,,,,,,,,,,
8,9,2019,R64,Syracuse,Baylor,-2,69,78,Salt Lake City,1831,1039,,,,,,,,,,,,,,,,,
5,12,2019,R64,Marquette,Murray State,-4,64,83,Hartford CT,782,908,,,,,,,,,,,,,,,,,
4,13,2019,R64,Florida State,Vermont,-11,76,69,Hartford CT,1014,189,,,,,,,,,,,,,,,,,
6,11,2019,R64,Buffalo,Arizona State,-4.5,91,74,Tulsa OK,1024,923,,,,,,,,,,,,,,,,,
3,14,2019,R64,Texas Tech,Northern Kentucky,-14,72,57,Tulsa OK,378,661,,,,,,,,,,,,,,,,,
7,10,2019,R64,Nevada,Florida,-2.5,61,70,Des Moines IA,1377,1038,,,,,,,,,,,,,,,,,
2,15,2019,R64,Michigan,Montana,-16,74,55,Des Moines IA,510,1068,,,,,,,,,,,,,,,,,
1,16,2018,R64,Villanova,Radford,-20.5,87,61,Pittsburgh PA,247,231,,,,,,,,,,,,,,,,,
8,9,2018,R64,Virginia Tech,Alabama,-2,83,86,Pittsburgh PA,223,651,,,,,,,,,,,,,,,,,
5,12,2018,R64,West Virginia,Murray State,-9,85,68,San Diego CA,2113,1655,,,,,,,,,,,,,,,,,
4,13,2018,R64,Wichita State,Marshall,-12.5,75,81,San Diego CA,1171,1978,,,,,,,,,,,,,,,,,
6,11,2018,R64,Florida,St. Bonaventure,-5.5,77,62,Dallas TX,880,1189,,,,,,,,,,,,,,,,,
3,14,2018,R64,Texas Tech,Stephen F. Austin,-11,70,60,Dallas TX,299,149,,,,,,,,,,,,,,,,,
7,10,2018,R64,Arkansas,Butler,-1,62,79,Detroit MI,735,237,,,,,,,,,,,,,,,,,
2,15,2018,R64,Purdue,Cal State Fullerton,-21,74,48,Detroit MI,240,1966,,,,,,,,,,,,,,,,,
1,16,2018,R64,Kansas,Penn,-14.5,76,60,Wichita KS,144,1199,,,,,,,,,,,,,,,,,
8,9,2018,R64,Seton Hall,NC State,-2,94,83,Wichita KS,1250,1040,,,,,,,,,,,,,,,,,
5,12,2018,R64,Clemson,New Mexico State,-4,79,68,San Diego CA,1968,607,,,,,,,,,,,,,,,,,
4,13,2018,R64,Auburn,Charleston,-11,62,58,San Diego CA,1836,2152,,,,,,,,,,,,,,,,,
6,11,2018,R64,TCU,Syracuse,-4,52,57,Detroit MI,1026,354,,,,,,,,,,,,,,,,,
3,14,2018,R64,Michigan State,Bucknell,-13.5,82,78,Detroit MI,77,332,,,,,,,,,,,,,,,,,
7,10,2018,R64,Rhode Island,Oklahoma,-1.5,83,78,Pittsburgh PA,447,1017,,,,,,,,,,,,,,,,,
2,15,2018,R64,Duke,Iona,-20,89,67,Pittsburgh PA,312,322,,,,,,,,,,,,,,,,,
1,16,2018,R64,Virginia,UMBC,-22.5,54,74,Charlotte NC,233,359,,,,,,,,,,,,,,,,,
8,9,2018,R64,Creighton,Kansas State,-2,59,69,Charlotte NC,917,906,,,,,,,,,,,,,,,,,
5,12,2018,R64,Kentucky,Davidson,-7,78,73,Boise ID,1690,1949,,,,,,,,,,,,,,,,,
4,13,2018,R64,Arizona,Buffalo,-9,68,89,Boise ID,837,1862,,,,,,,,,,,,,,,,,
6,11,2018,R64,Miami FL,Loyola Chicago,-3,62,64,Dallas TX,1100,810,,,,,,,,,,,,,,,,,
3,14,2018,R64,Tennessee,Wright State,-12,73,47,Dallas TX,765,857,,,,,,,,,,,,,,,,,
7,10,2018,R64,Nevada,Texas,-1,87,83,Nashville TN,1807,751,,,,,,,,,,,,,,,,,
2,15,2018,R64,Cincinnati,Georgia State,-16.5,68,53,Nashville TN,240,215,,,,,,,,,,,,,,,,,
1,16,2018,R64,Xavier,Texas Southern,-19.5,102,83,Nashville TN,242,667,,,,,,,,,,,,,,,,,
8,9,2018,R64,Missouri,Florida State,-1.5,54,67,Nashville TN,360,420,,,,,,,,,,,,,,,,,
5,12,2018,R64,Ohio State,South Dakota State,-7,81,73,Boise ID,1715,964,,,,,,,,,,,,,,,,,
4,13,2018,R64,Gonzaga,UNC Greensboro,-12,68,64,Boise ID,286,1983,,,,,,,,,,,,,,,,,
6,11,2018,R64,Houston,San Diego State,-3.5,67,65,Wichita KS,562,1162,,,,,,,,,,,,,,,,,
3,14,2018,R64,Michigan,Montana,-12,61,47,Wichita KS,785,1058,,,,,,,,,,,,,,,,,
7,10,2018,R64,Texas A&M,Providence,-3.5,73,69,Charlotte NC,952,683,,,,,,,,,,,,,,,,,
2,15,2018,R64,North Carolina,Lipscomb,-22,84,66,Charlotte NC,111,340,,,,,,,,,,,,,,,,,
1,16,2017,R64,Villanova,Mount St. Mary's,-27,76,56,Buffalo NY,269,241,,,,,,,,,,,,,,,,,
8,9,2017,R64,Wisconsin,Virginia Tech,-5,84,74,Buffalo NY,532,399,,,,,,,,,,,,,,,,,
5,12,2017,R64,Virginia,UNC Wilmington,-8.5,76,71,Orlando FL,677,444,,,,,,,,,,,,,,,,,
4,13,2017,R64,Florida,ETSU,-10,80,65,Orlando FL,96,539,,,,,,,,,,,,,,,,,
3,14,2017,R64,Baylor,New Mexico State,-12,91,73,Tulsa OK,325,670,,,,,,,,,,,,,,,,,
7,10,2017,R64,South Carolina,Marquette,-1.5,93,73,Greenville SC,98,639,,,,,,,,,,,,,,,,,
2,15,2017,R64,Duke,Troy,-19,87,65,Greenville SC,210,295,,,,,,,,,,,,,,,,,
8,9,2017,R64,Miami FL,Michigan State,-2,58,78,Tulsa OK,1169,762,,,,,,,,,,,,,,,,,
5,12,2017,R64,Iowa State,Nevada,-6.5,84,73,Milwaukee WI,300,1664,,,,,,,,,,,,,,,,,
4,13,2017,R64,Purdue,Vermont,-8.5,80,70,Milwaukee WI,188,739,,,,,,,,,,,,,,,,,
6,11,2017,R64,Creighton,Rhode Island,-1.5,72,84,Sacramento CA,1362,2614,,,,,,,,,,,,,,,,,
3,14,2017,R64,Oregon,Iona,-14.5,93,77,Sacramento CA,386,2500,,,,,,,,,,,,,,,,,
7,10,2017,R64,Michigan,Oklahoma State,-2,92,91,Indianapolis IN,214,645,,,,,,,,,,,,,,,,,
2,15,2017,R64,Louisville,Jacksonville State,-20.5,78,63,Indianapolis IN,107,411,,,,,,,,,,,,,,,,,
1,16,2017,R64,UNC,Texas Southern,-25.5,103,64,Greenville SC,202,835,,,,,,,,,,,,,,,,,
8,9,2017,R64,Arkansas,Seton Hall,-1,77,71,Greenville SC,668,603,,,,,,,,,,,,,,,,,
5,12,2017,R64,Minnesota,Middle Tennessee,-1,72,81,Milwaukee WI,296,504,,,,,,,,,,,,,,,,,
4,13,2017,R64,Butler,Winthrop,-11,76,64,Milwaukee WI,239,670,,,,,,,,,,,,,,,,,
6,11,2017,R64,Cincinnati,Kansas State,-3.5,75,61,Sacramento CA,1976,1337,,,,,,,,,,,,,,,,,
3,14,2017,R64,UCLA,Kent State,-18,97,80,Sacramento CA,355,2118,,,,,,,,,,,,,,,,,
2,15,2017,R64,Kentucky,Northern Kentucky,-19.5,79,70,Indianapolis IN,149,104,,,,,,,,,,,,,,,,,
1,16,2017,R64,Gonzaga,South Dakota State,-22.5,66,46,Salt Lake City,549,805,,,,,,,,,,,,,,,,,
8,9,2017,R64,Northwestern,Vanderbilt,1,68,66,Salt Lake City,1254,1389,,,,,,,,,,,,,,,,,
5,12,2017,R64,Notre Dame,Princeton,-7,60,58,Buffalo NY,385,280,,,,,,,,,,,,,,,,,
4,13,2017,R64,West Virginia,Bucknell,-14,86,80,Buffalo NY,232,168,,,,,,,,,,,,,,,,,
6,11,2017,R64,Maryland,Xavier,-2,65,76,Orlando FL,765,754,,,,,,,,,,,,,,,,,
3,14,2017,R64,Florida State,Florida Gulf Coast,-12,86,80,Orlando FL,219,146,,,,,,,,,,,,,,,,,
7,10,2017,R64,Saint Mary's,VCU,-4.5,85,77,Salt Lake City,582,1847,,,,,,,,,,,,,,,,,
2,15,2017,R64,Arizona,North Dakota,-16.5,100,82,Salt Lake City,592,695,,,,,,,,,,,,,,,,,
1,16,2016,R64,Virginia,Hampton,-24,81,45,Raleigh NC,156,154,,,,,,,,,,,,,,,,,
8,9,2016,R64,Texas Tech,Butler,4,61,71,Raleigh NC,1325,497,,,,,,,,,,,,,,,,,
1,16,2016,R64,UNC,Florida Gulf Coast,-22,83,67,Raleigh NC,24,670,,,,,,,,,,,,,,,,,
8,9,2016,R64,Providence,USC,-2,70,69,Raleigh NC,571,2235,,,,,,,,,,,,,,,,,
5,12,2016,R64,Indiana,Chattanooga,-12,99,74,Des Moines IA,409,638,,,,,,,,,,,,,,,,,
4,13,2016,R64,Kentucky,Stony Brook,-14,85,57,Des Moines IA,542,1064,,,,,,,,,,,,,,,,,
6,11,2016,R64,Notre Dame,Michigan,-3,70,63,Brooklyn NY,642,519,,,,,,,,,,,,,,,,,
3,14,2016,R64,West Virginia,Stephen F. Austin,-7,56,70,Brooklyn NY,326,1310,,,,,,,,,,,,,,,,,
7,10,2016,R64,Wisconsin,Pittsburgh,-2,47,43,St Louis MO,310,558,,,,,,,,,,,,,,,,,
2,15,2016,R64,Xavier,Weber State,-13.5,71,53,St Louis MO,310,1164,,,,,,,,,,,,,,,,,
4,13,2016,R64,Iowa State,Iona,-7.5,94,81,Des Moines IA,30,1029,,,,,,,,,,,,,,,,,
5,12,2016,R64,Purdue,Little Rock,-9,83,85,Des Moines IA,359,478,,,,,,,,,,,,,,,,,
3,14,2016,R64,Utah,Fresno State,-9,80,69,Providence RI,2081,2573,,,,,,,,,,,,,,,,,
6,11,2016,R64,Seton Hall,Gonzaga,1.5,52,68,Providence RI,164,2258,,,,,,,,,,,,,,,,,
2,15,2016,R64,Michigan State,Middle Tennessee,-18,81,90,St Louis MO,411,284,,,,,,,,,,,,,,,,,
7,10,2016,R64,Dayton,Syracuse,-1,51,70,St Louis MO,331,794,,,,,,,,,,,,,,,,,
8,9,2016,R64,Colorado,UConn,3.5,67,74,Des Moines IA,618,1100,,,,,,,,,,,,,,,,,
5,12,2016,R64,Maryland,South Dakota State,-9.5,79,74,Des Moines IA,896,247,,,,,,,,,,,,,,,,,
4,13,2016,R64,California,Hawaii,-6.5,66,77,Des Moines IA,1536,3939,,,,,,,,,,,,,,,,,
3,14,2016,R64,Miami FL,Buffalo,-14.5,79,72,Providence RI,1205,387,,,,,,,,,,,,,,,,,
6,11,2016,R64,Arizona,Wichita State,-2,55,65,Providence RI,2257,1398,,,,,,,,,,,,,,,,,
7,10,2016,R64,Iowa,Temple,-7.5,72,70,Brooklyn NY,916,80,,,,,,,,,,,,,,,,,
2,15,2016,R64,Villanova,UNC Asheville,-17.5,86,56,Brooklyn NY,86,584,,,,,,,,,,,,,,,,,
1,16,2016,R64,Oregon,Holy Cross,-23.5,91,52,Anaheim CA,758,2543,,,,,,,,,,,,,,,,,
8,9,2016,R64,Saint Joseph's,Cincinnati,-1.5,78,76,Anaheim CA,2372,1880,,,,,,,,,,,,,,,,,
4,13,2016,R64,Duke,UNC Wilmington,-10,93,85,Providence RI,570,631,,,,,,,,,,,,,,,,,
5,12,2016,R64,Baylor,Yale,-5,75,79,Providence RI,1584,86,,,,,,,,,,,,,,,,,
3,14,2016,R64,Texas A&M,Green Bay,-13,92,65,Anaheim CA,1278,1750,,,,,,,,,,,,,,,,,
6,11,2016,R64,Texas,Northern Iowa,-4.5,72,75,Anaheim CA,1205,1499,,,,,,,,,,,,,,,,,
7,10,2016,R64,Oregon State,VCU,4.5,67,75,Anaheim CA,794,2268,,,,,,,,,,,,,,,,,
2,15,2016,R64,Oklahoma,Cal State Bakersfield,-14.5,82,68,Anaheim CA,1167,123,,,,,,,,,,,,,,,,,
1,16,2015,R64,Villanova,Lafayette,-23,93,52,Pittsburgh PA,247,252,,,,,,,,,,,,,,,,,
8,9,2015,R64,NC State,LSU,-2,66,65,Pittsburgh PA,330,935,,,,,,,,,,,,,,,,,
5,12,2015,R64,Northern Iowa,Wyoming,-6,71,54,Seattle WA,1490,931,,,,,,,,,,,,,,,,,
4,13,2015,R64,Louisville,UC Irvine,-8,57,55,Seattle WA,1940,993,,,,,,,,,,,,,,,,,
3,14,2015,R64,Oklahoma,Albany NY,-12.5,69,60,Columbus OH,854,511,,,,,,,,,,,,,,,,,
7,10,2015,R64,Michigan State,Georgia,-5.5,70,63,Charlotte NC,552,169,,,,,,,,,,,,,,,,,
2,15,2015,R64,Virginia,Belmont,-16.5,79,67,Charlotte NC,233,340,,,,,,,,,,,,,,,,,
1,16,2015,R64,Kentucky,Hampton,-34,79,56,Louisville KY,70,522,,,,,,,,,,,,,,,,,
8,9,2015,R64,Cincinnati,Purdue,1,66,65,Louisville KY,91,162,,,,,,,,,,,,,,,,,
5,12,2015,R64,West Virginia,Buffalo,-4.5,68,62,Columbus OH,163,296,,,,,,,,,,,,,,,,,
4,13,2015,R64,Maryland,Valparaiso,-4.5,65,62,Columbus OH,330,236,,,,,,,,,,,,,,,,,
6,11,2015,R64,Butler,Texas,1.5,56,48,Pittsburgh PA,328,1217,,,,,,,,,,,,,,,,,
3,14,2015,R64,Notre Dame,Northeastern,-11.5,69,65,Pittsburgh PA,336,480,,,,,,,,,,,,,,,,,
7,10,2015,R64,Wichita State,Indiana,-5.5,81,76,Omaha NE,255,517,,,,,,,,,,,,,,,,,
2,15,2015,R64,Kansas,New Mexico State,-10.5,75,56,Omaha NE,163,860,,,,,,,,,,,,,,,,,
1,16,2015,R64,Duke,Robert Morris,-22,85,56,Charlotte NC,120,380,,,,,,,,,,,,,,,,,
8,9,2015,R64,San Diego State,St. John's,-3.5,76,64,Charlotte NC,2071,540,,,,,,,,,,,,,,,,,
5,12,2015,R64,Utah,Stephen F. Austin,-6,57,50,Portland OR,636,1779,,,,,,,,,50,1,Portland OR,636,1779,1143,,,
4,13,2015,R64,Georgetown,Eastern Washington,-8,84,74,Portland OR,2345,290,,,,,,,,,,,,,,,,,
6,11,2015,R64,SMU,UCLA,-4,59,60,Louisville KY,723,1836,,,,,,,,,,,,,,,,,
3,14,2015,R64,Iowa State,UAB,-14,59,60,Louisville KY,491,333,,,,,,,,,,,,,,,,,
7,10,2015,R64,Iowa,Davidson,-2.5,83,52,Seattle WA,1558,2270,,,,,,,,,,,,,,,,,
2,15,2015,R64,Gonzaga,North Dakota State,-18,86,76,Seattle WA,230,1193,,,,,,,,,,,,,,,,,
1,16,2015,R64,Wisconsin,Coastal Carolina,-19.5,86,72,Omaha NE,357,1058,,,,,,,,,,,,,,,,,
8,9,2015,R64,Oregon,Oklahoma State,-1.5,79,73,Omaha NE,1387,360,,,,,,,,,,,,,,,,,
5,12,2015,R64,Arkansas,Wofford,-7.5,56,53,Jacksonville FL,824,318,,,,,,,,,,,,,,,,,
4,13,2015,R64,UNC,Harvard,-10,67,65,Jacksonville FL,414,1016,,,,,,,,,,,,,,,,,
6,11,2015,R64,Xavier,Ole Miss,-3,76,57,Jacksonville FL,630,538,,,,,,,,,,,,,,,,,
3,14,2015,R64,Baylor,Georgia State,-9,56,57,Jacksonville FL,921,285,,,,,,,,,,,,,,,,,
7,10,2015,R64,VCU,Ohio State,4,72,75,Portland OR,2370,2026,,,,,,,,,,,,,,,,,
2,15,2015,R64,Arizona,Texas Southern,-23.5,93,72,Portland OR,1110,1835,,,,,,,,,,,,,,,,,
1,16,2014,R64,Virginia,Coastal Carolina,-22,70,59,Raleigh NC,156,139,,,,,,,,,,,,,,,,,
8,9,2014,R64,Memphis,George Washington,-1.5,71,66,Raleigh NC,643,233,,,,,,,,,,,,,,,,,
5,12,2014,R64,Cincinnati,Harvard,-3.5,57,61,Spokane WA,1739,2257,,,,,,,,,,,,,,,,,
4,13,2014,R64,Michigan State,Delaware,-14,93,78,Spokane WA,1628,2127,,,,,,,,,,,,,,,,,
6,11,2014,R64,UNC,Providence,-3.5,79,77,San Antonio TX,1214,1735,,,,,,,,,,,,,,,,,
3,14,2014,R64,Iowa State,North Carolina Central,-11,93,75,San Antonio TX,912,1223,,,,,,,,,,,,,,,,,
7,10,2014,R64,UConn,Saint Joseph's,-4.5,89,81,Buffalo NY,346,274,,,,,,,,,,,,,,,,,
2,15,2014,R64,Villanova,Milwaukee,-17,73,53,Buffalo NY,269,456,,,,,,,,,,,,,,,,,
8,9,2014,R64,Kentucky,Kansas State,-4,56,49,St Louis MO,311,345,,,,,,,,,,,,,,,,,
4,13,2014,R64,Louisville,Manhattan,-14.5,71,64,Orlando FL,714,942,,,,,,,,,,,,,,,,,
3,14,2014,R64,Duke,Mercer,-14,71,78,Raleigh NC,23,350,,,,,,,,,,,,,,,,,
7,10,2014,R64,Texas,Arizona State,-1.5,87,85,Milwaukee WI,1034,1457,,,,,,,,,,,,,,,,,
2,15,2014,R64,Michigan,Wofford,-19,57,40,Milwaukee WI,218,645,,,,,,,,,,,,,,,,,
1,16,2014,R64,Florida,Albany NY,-21,67,55,Orlando FL,97,1065,,,,,,,,,,,0,0,0,0,FALSE,FALSE,FALSE
8,9,2014,R64,Colorado,Pitt ,5.5,48,77,Orlando FL,1570,826,,,,,,,,,,,,,,,,,
5,12,2014,R64,VCU,Stephen F. Austin,-6.5,75,77,San Diego CA,2252,1316,,,,,,,,,,,,,,,,,
4,13,2014,R64,UCLA,Tulsa,-9,76,59,San Diego CA,119,1227,,,,,,,,,,,,,,,,,
6,11,2014,R64,Ohio State,Dayton,-5,59,60,Buffalo NY,293,350,,,,,,,,,,,,,,,,,
3,14,2014,R64,Syracuse,Western Michigan,-13,77,53,Buffalo NY,139,344,,,,,,,,,,,,,,,,,
7,10,2014,R64,New Mexico,Stanford,-3,53,58,St Louis MO,940,1733,,,,,,,,,,,,,,,,,
2,15,2014,R64,Kansas,Eastern Kentucky,-15.5,80,69,St Louis MO,273,326,,,,,,,,,,,,,,,,,
1,16,2014,R64,Arizona,Weber State,-21,68,59,San Diego CA,364,654,,,,,,,,,,,,,,,,,
8,9,2014,R64,Gonzago,Oklahoma State,1.5,85,77,San Diego CA,1033,1167,,,,,,,,,,,,,,,,,
5,12,2014,R64,Oklahoma,North Dakota State,-4.5,75,80,Spokane WA,1338,965,,,,,,,,,,,,,,,,,
4,13,2014,R64,San Diego State,New Mexico State,-8,73,69,Spokane WA,1029,1201,,,,,,,,,,,,,,,,,
6,11,2014,R64,Baylor,Nebraska,-3.5,74,60,San Antonio TX,167,793,,,,,,,,,,,,,,,,,
3,14,2014,R64,Creighton,Louisiana,-14.5,76,66,San Antonio TX,830,392,,,,,,,,,,,,,,,,,
7,10,2014,R64,Oregon,BYU,-4,87,68,Milwaukee WI,1750,1237,,,,,,,,,,,,,,,,,
2,15,2014,R64,Wisconsin,American,-15,75,35,Milwaukee WI,75,631,,,,,,,,,,,,,,,,,
1,16,2013,R64,Kansas,Western Kentucky,-20,64,57,Kansas City MO,36.00,464.00,,,,,,,,,,,,,,,,,
1,16,2013,R64,Gonzaga,Southern,-21.5,64,58,Salt Lake City UT,549.00,"1,355.00",,,,,,,,,,,,,,,,,
2,15,2013,R64,Duke,Albany,-17.5,73,61,Philadelphia PA,342.00,201.00,,,,,,,,,,,,,,,,,
2,15,2013,R64,Georgetown,Florida Gulf Coast,-13,68,78,Philadelphia PA,125.00,"1,007.00",,,,,,,,,,,,,,,,,
2,15,2013,R64,Ohio State,Iona,-13.5,95,70,Dayton OH,64.00,551.00,,,,,,,,,,,,,,,,,
2,15,2013,R64,Miami,Pacific,-12.5,78,49,Austin TX,"1,110.00","1,445.00",,,,,,,,,,,,,,,,,
3,14,2013,R64,Michigan State,Valparaiso,-10,65,54,Auburn Hills MI,64.00,214.00,,,,,,,,,,,,,,,,,
3,14,2013,R64,Marquette,Davidson,-3.5,59,58,Lexington KY,389.00,268.00,,,,,,,,,,,,,,,,,
3,14,2013,R64,New Mexico,Harvard,-11,62,68,Salt Lake City UT,485.00,"2,090.00",,,,,,,,,,,,,,,,,
3,14,2013,R64,Florida,Northwestern State,-20.5,79,47,Austin TX,922.00,293.00,,,,,,,,,,,,,,,,,
4,13,2013,R64,St. Louis,New Mexico State,-9,64,44,San Jose CA,"1,717.00",926.00,,,,,,,,,,,,,,,,,
4,13,2013,R64,Michigan,South Dakota,-11,71,56,Auburn Hills MI,39.00,689.00,,,,,,,,,,,,,,,,,
4,13,2013,R64,Syracuse,Montana,-13.5,81,34,San Jose CA,"2,416.00",772.00,,,,,,,,,,,,,,,,,
5,12,2013,R64,Oklahoma State,Oregon,-3,55,68,San Jose CA,"1,373.00",468.00,,,,,,,,,,,,,,,,,
5,12,2013,R64,VCU,Akron,-7,88,42,Auburn Hills MI,468.00,142.00,,,,,,,,,,,,,,,,,
5,12,2013,R64,Wisconsin,Ole Miss,-5,46,57,Kansas City MO,384.00,430.00,,,,,,,,,,,,,,,,,
5,12,2013,R64,UNLV,California,-2,61,64,Dayton OH,"1,697.00","2,038.00",,,,,,,,,,,,,,,,,
6,11,2013,R64,Butler,Bucknell,-3,68,56,Lexington KY,153.00,453.00,,,,,,,,,,,,,,,,,
6,11,2013,R64,Arizona,Belmont,-4.5,81,64,Salt Lake City UT,592.00,"1,390.00",,,,,,,,,,,,,,,,,
6,11,2013,R64,UCLA,Minnesota,-11,63,83,Austin TX,"1,237.00","1,045.00",,,,,,,,,,,,,,,,,
7,10,2013,R64,Creighton,Cincinnati,-3,67,63,Philadelphia PA,"1,091.00",501.00,,,,,,,,,,,,,,,,,
7,10,2013,R64,Illinois,Colorado,-1.5,57,49,Austin TX,865.00,795.00,,,,,,,,,,,,,,,,,
7,10,2013,R64,South Dakota State,Oklahoma,-2.5,0,0,Kansas City MO,378.00,312.00,,,,,,,,,,,,,,,,,
7,10,2013,R64,Notre Dame,Iowa State,-1,58,76,Dayton OH,172.00,518.00,,,,,,,,,,,,,,,,,
8,9,2013,R64,Colorado State,Missouri,3,84,72,Lexington KY,"1,112.00",428.00,,,,,,,,,,,,,,,,,
8,9,2013,R64,Temple,NC State,4,72,76,Dayton OH,479.00,407.00,,,,,,,,,,,,,,,,,
8,9,2013,R64,Pittsburgh,Wichita State,-4.5,55,73,Salt Lake City UT,"1,666.00",808.00,,,,,,,,,,,,,,,,,
8,9,2013,R64,UNC,Villanova,-3.5,78,71,Kansas City MO,878.00,"1,025.00",,,,,,,,,,,,,,,,,
6,11,2012,R64,Murray State,Colorado State,-3.5,58,41,Louisville KY,180.00,"1,042.00",,,,,,,,,,,,,,,,,
5,12,2012,R64,New Mexico,Long Beach State,-4.5,75,68,Portland OR,"1,106.00",845.00,,,,,,,,,,,,,,,,,
7,10,2012,R64,Florida,Virginia,-3.5,71,45,Omaha NE,"1,105.00",952.00,,,,,,,,,,,,,,,,,
1,16,2012,R64,Michigan State,LIU Brooklyn,-20,89,67,Columbus OH,204.00,477.00,,,,,,,,,,,,,,,,,
8,9,2012,R64,Memphis,Saint Louis,-3.5,54,61,Columbus OH,509.00,397.00,,,,,,,,,,,,,,,,,
4,13,2012,R64,Louisville,Davidson,-7.5,69,62,Portland OR,"1,945.00","2,275.00",,,,,,,,,,,,,,,,,
2,15,2012,R64,Missouri,Norfolk State,-21.5,84,86,Omaha NE,249.00,"1,093.00",,,,,,,,,,,,,,,,,
8,9,2012,R64,Iowa State,Connecticut,-2.5,77,64,Louisville KY,491.00,755.00,,,,,,,,,,,,,,,,,
7,10,2012,R64,Notre Dame,Xavier,-2.5,63,67,Greensboro NC,521.00,333.00,,,,,,,,,,,,,,,,,
6,11,2012,R64,UNLV,Colorado,-4,64,68,Albuquerque NM,482.00,349.00,,,,,,,,,,,,,,,,,
4,13,2012,R64,Indiana,New Mexico State,-6,79,66,Portland OR,"1,881.00","1,248.00",,,,,,,,,,,,,,,,,
2,15,2012,R64,Duke,Lehigh,-12.5,70,75,Greensboro NC,48.00,394.00,,,,,,,,,,,,,,,,,
3,14,2012,R64,Baylor,South Dakota State,-7.5,68,60,Albuquerque NM,602.00,824.00,,,,,,,,,,,,,,,,,
5,12,2012,R64,Wichita State,Virginia Commonwealth,-5.5,59,62,Portland OR,"1,410.00","2,370.00",,,,,,,,,,,,,,,,,
8,9,2012,R64,Creighton,Alabama,-2,58,57,Omaha NE,0.00,721.00,,,,,,,,,,,,,,,,,
7,10,2012,R64,St. Mary's,Purdue,-1.5,69,72,Omaha NE,"1,417.00",475.00,,,,,,,,,,,,,,,,,
2,15,2012,R64,Kansas,Detroit,-14,65,50,Omaha NE,162.00,663.00,,,,,,,,,,,,,,,,,
3,14,2012,R64,Georgetown,Belmont,-3.5,74,59,Columbus OH,324.00,335.00,,,,,,,,,,,,,,,,,
6,11,2012,R64,San Diego State,North Carolina State,2,65,79,Columbus OH,"1,947.00",392.00,,,,,,,,,,,,,,,,,
4,13,2012,R64,Michigan,Ohio,-6,60,65,Nashville TN,453.00,336.00,,,,,,,,,,,,,,,,,
3,14,2012,R64,Florida State,St. Bonaventure,-7,66,63,Nashville TN,420.00,604.00,,,,,,,,,,,,,,,,,
1,16,2012,R64,Syracuse,UNC-Asheville,-15,72,65,Pittsburgh PA,266.00,366.00,,,,,,,,,,,,,,,,,
7,10,2012,R64,Gonzaga,West Virginia,-1,77,54,Pittsburgh PA,"1,905.00",56.00,,,,,,,,,,,,,,,,,
4,13,2012,R64,Wisconsin,Montana,-9,73,49,Albuquerque NM,"1,074.00",898.00,,,,,,,,,,,,,,,,,
6,11,2012,R64,Cincinnati,Texas,-2,65,59,Nashville TN,240.00,751.00,,,,,,,,,,,,,,,,,
8,9,2012,R64,Kansas State,Southern Miss,-5.5,70,64,Pittsburgh PA,885.00,819.00,,,,,,,,,,,,,,,,,
2,15,2012,R64,Ohio State,Loyola (Maryland),-17.5,78,59,Pittsburgh PA,165.00,192.00,,,,,,,,,,,,,,,,,
5,12,2012,R64,Vanderbilt,Harvard,-6.5,79,70,Albuquerque NM,"1,115.00","1,965.00",,,,,,,,,,,,,,,,,
4,13,2011,R64,Louisville,Morehead State,-9,61,62,"Pepsi Center, Denver, CO","1,037.00","1,161.00",,,,,,,,,,,,,,,,,
7,10,2011,R64,Temple,Penn State,-2.5,66,64,"McKale Center, Tucson, AZ","2,054.00","1,918.00",,,,,,,,,,,,,,,,,
5,12,2011,R64,Vanderbilt,Richmond,-2,66,69,"Pepsi Center, Denver, CO","1,021.00","1,484.00",,,,,,,,,,,,,,,,,
2,15,2011,R64,San Diego State,Northern Colorado,-16,68,50,"McKale Center, Tucson, AZ",359.00,663.00,,,,,,,,,,,,,,,,,
3,14,2011,R64,Connecticut,Bucknell,-10,81,52,"Verizon Center, Washington, DC",322.00,142.00,,,,,,,,,,,,,,,,,
6,11,2011,R64,Cincinnati,Missouri,1,78,63,"Verizon Center, Washington, DC",403.00,822.00,,,,,,,,,,,,,,,,,
4,13,2011,R64,Kentucky,Princeton,-13,59,57,"St. Pete Times Forum, Tampa, FL",707.00,965.00,,,,,,,,,,,,,,,,,
8,9,2011,R64,Butler,Old Dominion,2,60,58,"Verizon Center, Washington, DC",493.00,144.00,,,,,,,,,,,,,,,,,
2,15,2011,R64,Florida,UC Santa Barbara,-13,79,51,"St. Pete Times Forum, Tampa, FL",118.00,"2,242.00",,,,,,,,,,,,,,,,,
3,14,2011,R64,BYU,Wofford,-8,74,66,"Pepsi Center, Denver, CO",353.00,"1,306.00",,,,,,,,,,,,,,,,,
4,13,2011,R64,Wisconsin,Belmont,-4.5,72,58,"McKale Center, Tucson, AZ","1,391.00","1,403.00",,,,,,,,,,,,,,,,,
7,10,2011,R64,UCLA,Michigan State,2,78,76,"St. Pete Times Forum, Tampa, FL","2,162.00","1,026.00",,,,,,,,,,,,,,,,,
6,11,2011,R64,St. Johns,Gonzaga,-2,71,86,"Pepsi Center, Denver, CO","1,639.00",824.00,,,,,,,,,,,,,,,,,
5,12,2011,R64,Kansas State,Utah State,-2,73,68,"McKale Center, Tucson, AZ",937.00,659.00,,,,,,,,,,,,,,,,,
2,15,2011,R64,Notre Dame,Akron,-13.5,69,56,"United Center, Chicago, IL",75.00,324.00,,,,,,,,,,,,,,,,,
7,10,2011,R64,Texas A&M,Florida State,1,50,57,"United Center, Chicago, IL",915.00,812.00,,,,,,,,,,,,,,,,,
1,16,2011,R64,Kansas,Boston University,-22.5,72,53,"BOK Center, Tulsa, OK",198.00,"1,393.00",,,,,,,,,,,,,,,,,
3,14,2011,R64,Purdue,St. Peters,-14,65,43,"United Center, Chicago, IL",108.00,709.00,,,,,,,,,,,,,,,,,
8,9,2011,R64,UNLV,Illinois,-2,62,73,"BOK Center, Tulsa, OK","1,067.00",502.00,,,,,,,,,,,,,,,,,
4,13,2011,R64,Texas,Oakland,-9.5,85,81,"BOK Center, Tulsa, OK",418.00,816.00,,,,,,,,,,,,,,,,,
5,12,2011,R64,Arizona,Memphis,-5.5,77,75,"BOK Center, Tulsa, OK",896.00,347.00,,,,,,,,,,,,,,,,,
8,9,2011,R64,Michigan,Tennessee,1.5,85,45,"Time Warner Cable Arena, Charlotte, NC",512.00,180.00,,,,,,,,,,,,,,,,,
1,16,2011,R64,Duke,Hampton,-22,87,45,"Time Warner Cable Arena, Charlotte, NC",120.00,280.00,,,,,,,,,,,,,,,,,
8,9,2011,R64,George Mason,Villanova,-1,61,57,"Quicken Loans Arena, Cleveland, OH",296.00,347.00,,,,,,,,,,,,,,,,,
2,15,2011,R64,North Carolina,Long Island,-17.5,102,87,"Time Warner Cable Arena, Charlotte, NC",111.00,530.00,,,,,,,,,,,,,,,,,
6,11,2011,R64,Xavier,Marquette,-2,55,66,"Quicken Loans Arena, Cleveland, OH",219.00,337.00,,,,,,,,,,,,,,,,,
7,10,2011,R64,Washington,Georgia,-5.5,68,65,"Time Warner Cable Arena, Charlotte, NC","2,280.00",169.00,,,,,,,,,,,,,,,,,
3,14,2011,R64,Syracuse,Indiana State,-11.5,77,60,"Quicken Loans Arena, Cleveland, OH",303.00,332.00,,,,,,,,,,,,,,,,,